collection_slug,collection_name,collection_url,asset_id,asset_name,asset_description,asset_contract_date,asset_url,asset_img_url,event_id,event_time,event_auction_type,event_contract_address,event_quantity,event_payment_symbol,event_total_price
finiliar,Finiliar,https://opensea.io/collection/finiliar,193056333,finiliar #1187,"[finiliar](https://finiliar.com) are living NFTs that use oracles to respond to fluctuations in the value of cryptocurrencies. They become happy and buoyant when the currency they are linked to does well, and sad or even sick when it performs poorly.",2022-01-06T22:32:39.965685,https://opensea.io/assets/ethereum/0x5a0121a0a21232ec0d024dab9017314509026480/1187,https://lh3.googleusercontent.com/LN_ap9Z-w7EwSy5N_hJyc91XeVSNmEixvTVD_z1tHBQ4y_rL5Pa97R3Itli1v_-4cwEHgD3RDH1ANROhizlMWGOBETqR0hEDfd5m,6928114792,2022-06-17T02:10:01.262067,,0x7f268357a8c2552623316e2562d90e642bb538e5,1,ETH,0.2769
finiliar,Finiliar,https://opensea.io/collection/finiliar,193050008,finiliar #949,"[finiliar](https://finiliar.com) are living NFTs that use oracles to respond to fluctuations in the value of cryptocurrencies. They become happy and buoyant when the currency they are linked to does well, and sad or even sick when it performs poorly.",2022-01-06T22:32:39.965685,https://opensea.io/assets/ethereum/0x5a0121a0a21232ec0d024dab9017314509026480/949,https://lh3.googleusercontent.com/mJvTpQvzQ6wESnmG8KKEcbSx-N5IVztJi036PLkbhTh5F6FMy6cb2i1lgAeAKOMUPa1UCCCLcvlsXm-i9kQkB7mtzlJ9Am-FeYQqqg,6870506961,2022-06-14T01:12:09.518375,,0x7f268357a8c2552623316e2562d90e642bb538e5,1,ETH,0.269
finiliar,Finiliar,https://opensea.io/collection/finiliar,193056324,finiliar #1186,"[finiliar](https://finiliar.com) are living NFTs that use oracles to respond to fluctuations in the value of cryptocurrencies. They become happy and buoyant when the currency they are linked to does well, and sad or even sick when it performs poorly.",2022-01-06T22:32:39.965685,https://opensea.io/assets/ethereum/0x5a0121a0a21232ec0d024dab9017314509026480/1186,https://lh3.googleusercontent.com/5bwB0W9zQvqqNZ8dA3oL1FIAcRDqKI6Mj5ZgkqJvjbkKRBJROVfC3vd9DgrlSMHg2iNEdD4h1R4ZIFl2MmFCtUsAu8c_8K5CxAY3Zw,6867737207,2022-06-13T21:57:29.995739,,0x7f268357a8c2552623316e2562d90e642bb538e5,1,ETH,0.3
finiliar,Finiliar,https://opensea.io/collection/finiliar,193042146,finiliar #457,"[finiliar](https://finiliar.com) are living NFTs that use oracles to respond to fluctuations in the value of cryptocurrencies. They become happy and buoyant when the currency they are linked to does well, and sad or even sick when it performs poorly.",2022-01-06T22:32:39.965685,https://opensea.io/assets/ethereum/0x5a0121a0a21232ec0d024dab9017314509026480/457,https://lh3.googleusercontent.com/hs_QXaSG0T3PGsJI2NB520geXOzFdu1hJ2iQkL6EU3sc23-xhZrfYKsrUEmZnTXRCY-EGIG4QYTPnn5yyIeUDV20AJJmbz6bYLZE0Fo,6848870222,2022-06-12T23:10:07.748709,,0x7f268357a8c2552623316e2562d90e642bb538e5,1,ETH,0.3
finiliar,Finiliar,https://opensea.io/collection/finiliar,193046479,finiliar #685,"[finiliar](https://finiliar.com) are living NFTs that use oracles to respond to fluctuations in the value of cryptocurrencies. They become happy and buoyant when the currency they are linked to does well, and sad or even sick when it performs poorly.",2022-01-06T22:32:39.965685,https://opensea.io/assets/ethereum/0x5a0121a0a21232ec0d024dab9017314509026480/685,https://lh3.googleusercontent.com/sSznfeh_KxJGIPfF6m-hUOKWlWPGXg44bHCkZ98Ywr4uSnREqyuYjom0WBqnwviPjEp7hx2ICtOVmTlXa9FdFt1BpqKtBbO_Nkja,6769451676,2022-06-09T12:53:48.656610,,0x7f268357a8c2552623316e2562d90e642bb538e5,1,ETH,0.3
finiliar,Finiliar,https://opensea.io/collection/finiliar,193046112,finiliar #663,"[finiliar](https://finiliar.com) are living NFTs that use oracles to respond to fluctuations in the value of cryptocurrencies. They become happy and buoyant when the currency they are linked to does well, and sad or even sick when it performs poorly.",2022-01-06T22:32:39.965685,https://opensea.io/assets/ethereum/0x5a0121a0a21232ec0d024dab9017314509026480/663,https://lh3.googleusercontent.com/oR_1K1pAeIsmDqVVZ0pQ-0cyDnKptLKL1Cs9H2SAae4phH_NuEYVgKLhRCcVm3dYra733V9pQ8q45G5Fz_t-YsSI38aSuAsp1vUqgw,6711961810,2022-06-06T06:20:36.306212,,0x7f268357a8c2552623316e2562d90e642bb538e5,1,ETH,0.285
finiliar,Finiliar,https://opensea.io/collection/finiliar,193042164,finiliar #458,"[finiliar](https://finiliar.com) are living NFTs that use oracles to respond to fluctuations in the value of cryptocurrencies. They become happy and buoyant when the currency they are linked to does well, and sad or even sick when it performs poorly.",2022-01-06T22:32:39.965685,https://opensea.io/assets/ethereum/0x5a0121a0a21232ec0d024dab9017314509026480/458,https://lh3.googleusercontent.com/mNm36e4cUAxln3w-SQopDXD9vEyuoKa_Emu3uZ5T4aVfcaTCqtQTQtIQ5mdSs-H69AoES1EYNP-eVPH2r-2z7iOIzbgAsr2UaJ2b4g,6705975392,2022-06-05T19:31:32.138919,,0x7f268357a8c2552623316e2562d90e642bb538e5,1,ETH,0.52
finiliar,Finiliar,https://opensea.io/collection/finiliar,193048751,finiliar #905,"[finiliar](https://finiliar.com) are living NFTs that use oracles to respond to fluctuations in the value of cryptocurrencies. They become happy and buoyant when the currency they are linked to does well, and sad or even sick when it performs poorly.",2022-01-06T22:32:39.965685,https://opensea.io/assets/ethereum/0x5a0121a0a21232ec0d024dab9017314509026480/905,https://lh3.googleusercontent.com/nMwfUI7uKIG203wnw7U8i-bQTXUV0QSSSXuoDBJAeGZpuToNL9j2pZ1HsIGxuy1a_VwHg5o8DNxhdw60w51fA0GZf9mwSby6TqRMbQ,6696770544,2022-06-04T22:44:28.774672,,0x7f268357a8c2552623316e2562d90e642bb538e5,1,ETH,0.289
finiliar,Finiliar,https://opensea.io/collection/finiliar,193043517,finiliar #516,"[finiliar](https://finiliar.com) are living NFTs that use oracles to respond to fluctuations in the value of cryptocurrencies. They become happy and buoyant when the currency they are linked to does well, and sad or even sick when it performs poorly.",2022-01-06T22:32:39.965685,https://opensea.io/assets/ethereum/0x5a0121a0a21232ec0d024dab9017314509026480/516,https://lh3.googleusercontent.com/ijQPMAmoIU3_n8DwN_zSIWlz6los1l6GMi70MWPFT2_LAwDLPWvIjQom9QHjYEK6XPVelWsSUS9A7mJ9k5ClVKmst3hVJ4gFBh-C,6587590575,2022-05-31T19:22:31.378465,,0x7f268357a8c2552623316e2562d90e642bb538e5,1,ETH,0.385
finiliar,Finiliar,https://opensea.io/collection/finiliar,193043578,finiliar #521,"[finiliar](https://finiliar.com) are living NFTs that use oracles to respond to fluctuations in the value of cryptocurrencies. They become happy and buoyant when the currency they are linked to does well, and sad or even sick when it performs poorly.",2022-01-06T22:32:39.965685,https://opensea.io/assets/ethereum/0x5a0121a0a21232ec0d024dab9017314509026480/521,https://lh3.googleusercontent.com/T1Aseqs0DqLKo9X-Eu7r4kggStM3_r3so5MTpeO894vabYxsqYCznHNmQToxnD7Tkk-1jasNnQLnTAts1eQyCLrizUzMkwdcMUn4MA,6360489818,2022-05-21T20:40:48.015835,,0x7f268357a8c2552623316e2562d90e642bb538e5,1,ETH,0.385
finiliar,Finiliar,https://opensea.io/collection/finiliar,193043598,finiliar #523,"[finiliar](https://finiliar.com) are living NFTs that use oracles to respond to fluctuations in the value of cryptocurrencies. They become happy and buoyant when the currency they are linked to does well, and sad or even sick when it performs poorly.",2022-01-06T22:32:39.965685,https://opensea.io/assets/ethereum/0x5a0121a0a21232ec0d024dab9017314509026480/523,https://lh3.googleusercontent.com/2stkiKypVnMbHXVG0icXWbrBRC0bbhiPygkpR2_a9jv7ABOb0utPEI64f7M8Ku7PznnBpENv6pe113SDGOvPuczmdKhIaMpbz5ONEA,6359846776,2022-05-21T19:09:12.965398,,0x7f268357a8c2552623316e2562d90e642bb538e5,1,ETH,0.385
finiliar,Finiliar,https://opensea.io/collection/finiliar,193037860,finiliar #227,"[finiliar](https://finiliar.com) are living NFTs that use oracles to respond to fluctuations in the value of cryptocurrencies. They become happy and buoyant when the currency they are linked to does well, and sad or even sick when it performs poorly.",2022-01-06T22:32:39.965685,https://opensea.io/assets/ethereum/0x5a0121a0a21232ec0d024dab9017314509026480/227,https://lh3.googleusercontent.com/bmQpqW0loPosBs80IbziDl2TuPjWpiV8SZ7NNvZ0Ja1ev-ZWVrRqrse-S7W1w5MfVX2zFxrhrA_0wPOlWgJxRQNri8IZRfWb7WzaqrM,6226265727,2022-05-17T12:44:15.881774,,0x7f268357a8c2552623316e2562d90e642bb538e5,1,ETH,0.35
finiliar,Finiliar,https://opensea.io/collection/finiliar,193049240,finiliar #940,"[finiliar](https://finiliar.com) are living NFTs that use oracles to respond to fluctuations in the value of cryptocurrencies. They become happy and buoyant when the currency they are linked to does well, and sad or even sick when it performs poorly.",2022-01-06T22:32:39.965685,https://opensea.io/assets/ethereum/0x5a0121a0a21232ec0d024dab9017314509026480/940,https://lh3.googleusercontent.com/pvFLtzKZOoqeiJ317QlfcCcCOvJcm5zgt4adfBF109725hBNS2jJKEQTW6uGRV0UNhZ-PzecmSKCe4Vogz_ZebeWKtwyOF-zZo3D-A,6159774197,2022-05-15T20:24:40.957923,,0x7f268357a8c2552623316e2562d90e642bb538e5,1,ETH,1.368
finiliar,Finiliar,https://opensea.io/collection/finiliar,193055650,finiliar #1118,"[finiliar](https://finiliar.com) are living NFTs that use oracles to respond to fluctuations in the value of cryptocurrencies. They become happy and buoyant when the currency they are linked to does well, and sad or even sick when it performs poorly.",2022-01-06T22:32:39.965685,https://opensea.io/assets/ethereum/0x5a0121a0a21232ec0d024dab9017314509026480/1118,https://lh3.googleusercontent.com/o9gLooGEHtphxwoQx9v7gJsjOC1fH4ImoQe4LTAOqVr9yRCFMGJLG8b0ccveiqZxv4sOjM4bXeNB3loAsgEf_hGO0KMa5tMszi5A4A,5826256252,2022-05-06T21:53:42.275450,,0x7f268357a8c2552623316e2562d90e642bb538e5,1,ETH,0.498
finiliar,Finiliar,https://opensea.io/collection/finiliar,193038272,finiliar #308,"[finiliar](https://finiliar.com) are living NFTs that use oracles to respond to fluctuations in the value of cryptocurrencies. They become happy and buoyant when the currency they are linked to does well, and sad or even sick when it performs poorly.",2022-01-06T22:32:39.965685,https://opensea.io/assets/ethereum/0x5a0121a0a21232ec0d024dab9017314509026480/308,https://lh3.googleusercontent.com/XYXcBoJRXFwShRPf6WSQf86n-_s5RfkArsW-sXIEULRK8f5N5zQHy6TTV9mvvCkPSmbV1YcqlpZ4n3IEIWWUw-jiEhLLqb50DuqB,5809833105,2022-05-06T11:44:02.366905,,0x7f268357a8c2552623316e2562d90e642bb538e5,1,ETH,0.59
finiliar,Finiliar,https://opensea.io/collection/finiliar,193051410,finiliar #992,"[finiliar](https://finiliar.com) are living NFTs that use oracles to respond to fluctuations in the value of cryptocurrencies. They become happy and buoyant when the currency they are linked to does well, and sad or even sick when it performs poorly.",2022-01-06T22:32:39.965685,https://opensea.io/assets/ethereum/0x5a0121a0a21232ec0d024dab9017314509026480/992,https://lh3.googleusercontent.com/CnQhpHnJFSrFw1i4yxEBbsFOsaIl6qFkz108gQXATZrRrm1KblXC_QZvXx8m2Lqo7xpTeKAYYalV-ZmlCOMtJSAaz36NwEvImFCUFcY,5776922415,2022-05-05T13:29:48.753171,,0x7f268357a8c2552623316e2562d90e642bb538e5,1,WETH,0.65
finiliar,Finiliar,https://opensea.io/collection/finiliar,193048598,finiliar #859,"[finiliar](https://finiliar.com) are living NFTs that use oracles to respond to fluctuations in the value of cryptocurrencies. They become happy and buoyant when the currency they are linked to does well, and sad or even sick when it performs poorly.",2022-01-06T22:32:39.965685,https://opensea.io/assets/ethereum/0x5a0121a0a21232ec0d024dab9017314509026480/859,https://lh3.googleusercontent.com/wWQoqS_CPSAwGGFjFXbyvUpDoNcYTXq-gilpK_lzXoegkH419yIBP4_hkLi5oTAdop4B-66Eoxys357U-WF8NnKyuc-4iFR2BbhuvqY,5769610918,2022-05-05T09:02:58.775724,,0x7f268357a8c2552623316e2562d90e642bb538e5,1,ETH,1.7
finiliar,Finiliar,https://opensea.io/collection/finiliar,193047298,finiliar #726,"[finiliar](https://finiliar.com) are living NFTs that use oracles to respond to fluctuations in the value of cryptocurrencies. They become happy and buoyant when the currency they are linked to does well, and sad or even sick when it performs poorly.",2022-01-06T22:32:39.965685,https://opensea.io/assets/ethereum/0x5a0121a0a21232ec0d024dab9017314509026480/726,https://lh3.googleusercontent.com/i4wSA3BOnKaWkl3KhlIFxdtAc31rIkm_U4N1YtOoslFOmW95AXmpFa3B9ZpVj9T5hg9ch6MlaGvjRvmj8G2pjBDfYf9GEJc4tYau,5763865164,2022-05-05T05:24:23.183624,,0x7f268357a8c2552623316e2562d90e642bb538e5,1,ETH,0.45
finiliar,Finiliar,https://opensea.io/collection/finiliar,193038272,finiliar #308,"[finiliar](https://finiliar.com) are living NFTs that use oracles to respond to fluctuations in the value of cryptocurrencies. They become happy and buoyant when the currency they are linked to does well, and sad or even sick when it performs poorly.",2022-01-06T22:32:39.965685,https://opensea.io/assets/ethereum/0x5a0121a0a21232ec0d024dab9017314509026480/308,https://lh3.googleusercontent.com/XYXcBoJRXFwShRPf6WSQf86n-_s5RfkArsW-sXIEULRK8f5N5zQHy6TTV9mvvCkPSmbV1YcqlpZ4n3IEIWWUw-jiEhLLqb50DuqB,5762364841,2022-05-05T04:27:21.639205,,0x7f268357a8c2552623316e2562d90e642bb538e5,1,ETH,0.68
finiliar,Finiliar,https://opensea.io/collection/finiliar,191891282,finiliar #200,"[finiliar](https://finiliar.com) are living NFTs that use oracles to respond to fluctuations in the value of cryptocurrencies. They become happy and buoyant when the currency they are linked to does well, and sad or even sick when it performs poorly.",2022-01-06T22:32:39.965685,https://opensea.io/assets/ethereum/0x5a0121a0a21232ec0d024dab9017314509026480/200,https://lh3.googleusercontent.com/CgjyA_k56Yaz8mlIQfKLUsExzBw8xSR7d8Lo743rY-XuTN5dPcVi36Nnwxwani48wL61M0z6OHyKFHgzx1ljK7NtBA3iYMtJz9-nqQ,5755437147,2022-05-04T23:55:06.538967,,0x7f268357a8c2552623316e2562d90e642bb538e5,1,ETH,1.1
finiliar,Finiliar,https://opensea.io/collection/finiliar,191891315,finiliar #203,"[finiliar](https://finiliar.com) are living NFTs that use oracles to respond to fluctuations in the value of cryptocurrencies. They become happy and buoyant when the currency they are linked to does well, and sad or even sick when it performs poorly.",2022-01-06T22:32:39.965685,https://opensea.io/assets/ethereum/0x5a0121a0a21232ec0d024dab9017314509026480/203,https://lh3.googleusercontent.com/H6KDqTz03M6TbtCH6i5n015rpfrLm6L6GrlAWXIWuggP06HcGIrtZaIr28IcdLaSzchw9sEhjbRPoSRtZyKuX04ntxPVZstXWn9kkPY,5755436955,2022-05-04T23:55:06.177443,,0x7f268357a8c2552623316e2562d90e642bb538e5,1,ETH,1.0
finiliar,Finiliar,https://opensea.io/collection/finiliar,193056200,finiliar #1135,"[finiliar](https://finiliar.com) are living NFTs that use oracles to respond to fluctuations in the value of cryptocurrencies. They become happy and buoyant when the currency they are linked to does well, and sad or even sick when it performs poorly.",2022-01-06T22:32:39.965685,https://opensea.io/assets/ethereum/0x5a0121a0a21232ec0d024dab9017314509026480/1135,https://lh3.googleusercontent.com/O0drs0HxkWgIAmnUtmWl1ig8ey39b84k8gGGGZlsaOrZC-8h4KE5bP2Bs_tTCSNQDlrRkdxtSOlWIBzhm8wRv2y8VFtgnMKvbUctB5k,5755436739,2022-05-04T23:55:05.804980,,0x7f268357a8c2552623316e2562d90e642bb538e5,1,ETH,0.88
finiliar,Finiliar,https://opensea.io/collection/finiliar,193047319,finiliar #728,"[finiliar](https://finiliar.com) are living NFTs that use oracles to respond to fluctuations in the value of cryptocurrencies. They become happy and buoyant when the currency they are linked to does well, and sad or even sick when it performs poorly.",2022-01-06T22:32:39.965685,https://opensea.io/assets/ethereum/0x5a0121a0a21232ec0d024dab9017314509026480/728,https://lh3.googleusercontent.com/t6ZUSr6QCtMu2jIoKwbtQZmJ_4wQqoxMKGtrr7skqnpeo_hMR9Udp3pWuXVCJO__KjjfHCf3iMM4_9np2vskzckCe5hCmo9jvQ8l,5722547796,2022-05-04T02:43:15.434256,,0x7f268357a8c2552623316e2562d90e642bb538e5,1,ETH,0.59
finiliar,Finiliar,https://opensea.io/collection/finiliar,193051633,finiliar #990,"[finiliar](https://finiliar.com) are living NFTs that use oracles to respond to fluctuations in the value of cryptocurrencies. They become happy and buoyant when the currency they are linked to does well, and sad or even sick when it performs poorly.",2022-01-06T22:32:39.965685,https://opensea.io/assets/ethereum/0x5a0121a0a21232ec0d024dab9017314509026480/990,https://lh3.googleusercontent.com/qZbo7js2D2Rl6WQFKvkqAknkZ94zj3LwqKEz6rjhXVRGM7GyXFeQnjuLp5nPx2sWOyvYoNB1NQlrSLw8g6hpu2jXv2kEmt7trv562g,5722441354,2022-05-04T02:38:56.995687,,0x7f268357a8c2552623316e2562d90e642bb538e5,1,ETH,0.395
finiliar,Finiliar,https://opensea.io/collection/finiliar,193048859,finiliar #896,"[finiliar](https://finiliar.com) are living NFTs that use oracles to respond to fluctuations in the value of cryptocurrencies. They become happy and buoyant when the currency they are linked to does well, and sad or even sick when it performs poorly.",2022-01-06T22:32:39.965685,https://opensea.io/assets/ethereum/0x5a0121a0a21232ec0d024dab9017314509026480/896,https://lh3.googleusercontent.com/WpRnew7FZlFrrYbc_wbF_OnCPY-1lcPHQPg98D1EeRfDUgJGHqWR19AlLvFEHDKxeMjfkfi4eYH80PUiFtD68P88gDGQIQuHJHN7Mg,5716964990,2022-05-03T23:02:42.025980,,0x7f268357a8c2552623316e2562d90e642bb538e5,1,ETH,0.32
finiliar,Finiliar,https://opensea.io/collection/finiliar,193050070,finiliar #952,"[finiliar](https://finiliar.com) are living NFTs that use oracles to respond to fluctuations in the value of cryptocurrencies. They become happy and buoyant when the currency they are linked to does well, and sad or even sick when it performs poorly.",2022-01-06T22:32:39.965685,https://opensea.io/assets/ethereum/0x5a0121a0a21232ec0d024dab9017314509026480/952,https://lh3.googleusercontent.com/UPIz7boWYZhzateewj4ht9pPmjUToxuH3akmbwPOSvoML4LGvqQ2WZlz2w6sQA1s8C4Ej7hDo804LI2amNKtr-fi-GFEd3SObXL4,5710613855,2022-05-03T19:03:42.121528,,0x7f268357a8c2552623316e2562d90e642bb538e5,1,ETH,0.299
finiliar,Finiliar,https://opensea.io/collection/finiliar,193048655,finiliar #862,"[finiliar](https://finiliar.com) are living NFTs that use oracles to respond to fluctuations in the value of cryptocurrencies. They become happy and buoyant when the currency they are linked to does well, and sad or even sick when it performs poorly.",2022-01-06T22:32:39.965685,https://opensea.io/assets/ethereum/0x5a0121a0a21232ec0d024dab9017314509026480/862,https://lh3.googleusercontent.com/8rBKfT9VIo-1Zcjl46wXNRBzUJfdOwooyOY-pbbjTOE6MiRHazLDOe9AYRn7you1jtuO7YW09E79vTFrTbMMtosGjepAs_0dsDmneg,5641820209,2022-05-01T22:30:48.592854,,0x7f268357a8c2552623316e2562d90e642bb538e5,1,ETH,0.75
finiliar,Finiliar,https://opensea.io/collection/finiliar,193048770,finiliar #870,"[finiliar](https://finiliar.com) are living NFTs that use oracles to respond to fluctuations in the value of cryptocurrencies. They become happy and buoyant when the currency they are linked to does well, and sad or even sick when it performs poorly.",2022-01-06T22:32:39.965685,https://opensea.io/assets/ethereum/0x5a0121a0a21232ec0d024dab9017314509026480/870,https://lh3.googleusercontent.com/mTSR_YGeoIfrSmv00YdKDUaY2HxFf0R_BRvH_95VUnAV8orc5jZANdoHuCbjkctWogJ3c6CL_NK0sIaKeNHEjVEusOtKp1eJ2ANDiwc,5602452514,2022-04-30T20:57:47.737293,,0x7f268357a8c2552623316e2562d90e642bb538e5,1,ETH,0.3
finiliar,Finiliar,https://opensea.io/collection/finiliar,193048798,finiliar #872,"[finiliar](https://finiliar.com) are living NFTs that use oracles to respond to fluctuations in the value of cryptocurrencies. They become happy and buoyant when the currency they are linked to does well, and sad or even sick when it performs poorly.",2022-01-06T22:32:39.965685,https://opensea.io/assets/ethereum/0x5a0121a0a21232ec0d024dab9017314509026480/872,https://lh3.googleusercontent.com/X8Tb1YotNX1RbvCgWlyq_wwHrWEQOl_pIi289yVZJqmAEmEJPg-En_vJuiKQs-B14J2n-lGorOadlgbZ0mF0RUUV39unaLmk7uVXLg,5566922701,2022-04-29T21:42:52.876661,,0x7f268357a8c2552623316e2562d90e642bb538e5,1,ETH,0.7
finiliar,Finiliar,https://opensea.io/collection/finiliar,193050101,finiliar #953,"[finiliar](https://finiliar.com) are living NFTs that use oracles to respond to fluctuations in the value of cryptocurrencies. They become happy and buoyant when the currency they are linked to does well, and sad or even sick when it performs poorly.",2022-01-06T22:32:39.965685,https://opensea.io/assets/ethereum/0x5a0121a0a21232ec0d024dab9017314509026480/953,https://lh3.googleusercontent.com/jwEyeJNkKN9PTEK6Da255fL7v1Vh9vXSL8WThG89XXRJ3OUvB7MiC5FjBXYR7BnUQ2q_oXyxUoD342bPqYo9FCPiL3uiMHEMrYQK,5529415537,2022-04-28T20:25:52.399492,,0x7f268357a8c2552623316e2562d90e642bb538e5,1,ETH,0.25
finiliar,Finiliar,https://opensea.io/collection/finiliar,193056102,finiliar #1125,"[finiliar](https://finiliar.com) are living NFTs that use oracles to respond to fluctuations in the value of cryptocurrencies. They become happy and buoyant when the currency they are linked to does well, and sad or even sick when it performs poorly.",2022-01-06T22:32:39.965685,https://opensea.io/assets/ethereum/0x5a0121a0a21232ec0d024dab9017314509026480/1125,https://lh3.googleusercontent.com/-GvdN6MRX1VGrPjocC0UHydp2sHhwM5OzC8aqETtLi5wjoA2u1XtVh47enfkGypIWW6SHIbHqybla-uuxO-N9DFw_aHl9YWyyS2h7w,5423623017,2022-04-25T21:30:52.786420,,0x7f268357a8c2552623316e2562d90e642bb538e5,1,ETH,0.77
finiliar,Finiliar,https://opensea.io/collection/finiliar,193056123,finiliar #1147,"[finiliar](https://finiliar.com) are living NFTs that use oracles to respond to fluctuations in the value of cryptocurrencies. They become happy and buoyant when the currency they are linked to does well, and sad or even sick when it performs poorly.",2022-01-06T22:32:39.965685,https://opensea.io/assets/ethereum/0x5a0121a0a21232ec0d024dab9017314509026480/1147,https://lh3.googleusercontent.com/SOEXXmXLHo2b0A9JWjYDwW5l7QAn6RxCDR4WhPcl9ugqA_m3KFw-jVhcV5c5zsjEgpGn47StMoG85qvi7QPYfXnD9sCrgnI0vrFE,5349972219,2022-04-23T22:56:01.808637,,0x7f268357a8c2552623316e2562d90e642bb538e5,1,ETH,0.49
finiliar,Finiliar,https://opensea.io/collection/finiliar,193054233,finiliar #1058,"[finiliar](https://finiliar.com) are living NFTs that use oracles to respond to fluctuations in the value of cryptocurrencies. They become happy and buoyant when the currency they are linked to does well, and sad or even sick when it performs poorly.",2022-01-06T22:32:39.965685,https://opensea.io/assets/ethereum/0x5a0121a0a21232ec0d024dab9017314509026480/1058,https://lh3.googleusercontent.com/Z5YYhbJ77ihdTNWP-iMxBLlDAKlSjwdDoABnadZJQfJmSAL0i_IKAr2GKzrr5qDdF3tTs5Okc4x3GpK0kw5LhmBwmanyjlcD2yrw,5253652292,2022-04-21T08:29:46.761791,,0x7f268357a8c2552623316e2562d90e642bb538e5,1,ETH,0.65
finiliar,Finiliar,https://opensea.io/collection/finiliar,193054753,finiliar #1077,"[finiliar](https://finiliar.com) are living NFTs that use oracles to respond to fluctuations in the value of cryptocurrencies. They become happy and buoyant when the currency they are linked to does well, and sad or even sick when it performs poorly.",2022-01-06T22:32:39.965685,https://opensea.io/assets/ethereum/0x5a0121a0a21232ec0d024dab9017314509026480/1077,https://lh3.googleusercontent.com/3xKZt1tnEhAf0iTHdtCUuFz5n4OKNV8-k4rusrKhhhUL6fs3QVqm5t3bafptOeUVZj-_JcxJvwQ9ArvOaayU9tLYeUTFe-QX3Xbq,5233483316,2022-04-20T19:41:59.212477,,0x7f268357a8c2552623316e2562d90e642bb538e5,1,ETH,0.55
finiliar,Finiliar,https://opensea.io/collection/finiliar,193053720,finiliar #1024,"[finiliar](https://finiliar.com) are living NFTs that use oracles to respond to fluctuations in the value of cryptocurrencies. They become happy and buoyant when the currency they are linked to does well, and sad or even sick when it performs poorly.",2022-01-06T22:32:39.965685,https://opensea.io/assets/ethereum/0x5a0121a0a21232ec0d024dab9017314509026480/1024,https://lh3.googleusercontent.com/xLLKVbHwVujg9mUDFh7G6RK04CZ8xrQ5dyQbJXZ26nWOd25o_ESq5gx59_Q6M2grGIi6M6rgFzoliAJhgfzyJsUumaXr8fY5P8YF,5207134505,2022-04-20T01:34:19.757254,,0x7f268357a8c2552623316e2562d90e642bb538e5,1,ETH,0.39
finiliar,Finiliar,https://opensea.io/collection/finiliar,193056221,finiliar #1158,"[finiliar](https://finiliar.com) are living NFTs that use oracles to respond to fluctuations in the value of cryptocurrencies. They become happy and buoyant when the currency they are linked to does well, and sad or even sick when it performs poorly.",2022-01-06T22:32:39.965685,https://opensea.io/assets/ethereum/0x5a0121a0a21232ec0d024dab9017314509026480/1158,https://lh3.googleusercontent.com/OB1C2izQiIOJVBVt1WWfrK8L2LM6FImbbiXaSZOX3xd_-1n9b77jEnA07GgBXqjK36_MwxLhZV1gq7e9x9A841sRlY8My_fznwHtNw,5207134307,2022-04-20T01:34:19.339795,,0x7f268357a8c2552623316e2562d90e642bb538e5,1,ETH,0.333
finiliar,Finiliar,https://opensea.io/collection/finiliar,193056281,finiliar #1177,"[finiliar](https://finiliar.com) are living NFTs that use oracles to respond to fluctuations in the value of cryptocurrencies. They become happy and buoyant when the currency they are linked to does well, and sad or even sick when it performs poorly.",2022-01-06T22:32:39.965685,https://opensea.io/assets/ethereum/0x5a0121a0a21232ec0d024dab9017314509026480/1177,https://lh3.googleusercontent.com/IZlNoz5EQDA-p43qgs7RFixGZejb2I876wVrj4Hkx9mVbm_Jp21D3xI4mk8-Vr9mLwmH2u7ttCt9jwEaqujM5tl0yV6CcGFOv-hb8LY,5207134043,2022-04-20T01:34:18.716764,,0x7f268357a8c2552623316e2562d90e642bb538e5,1,ETH,0.315
finiliar,Finiliar,https://opensea.io/collection/finiliar,193056835,finiliar #1204,"[finiliar](https://finiliar.com) are living NFTs that use oracles to respond to fluctuations in the value of cryptocurrencies. They become happy and buoyant when the currency they are linked to does well, and sad or even sick when it performs poorly.",2022-01-06T22:32:39.965685,https://opensea.io/assets/ethereum/0x5a0121a0a21232ec0d024dab9017314509026480/1204,https://lh3.googleusercontent.com/R2wqmb8wjffP4Kr2yFc9h79DLiMcSQ0maFWXuxAFOAp2M-nes9y38NFZobEbVm_rrnaUoNZ6lJuJqYCbDQGJBKu7NPVBF1KYQLVaQA,5207133739,2022-04-20T01:34:18.133140,,0x7f268357a8c2552623316e2562d90e642bb538e5,1,ETH,0.35
finiliar,Finiliar,https://opensea.io/collection/finiliar,193047305,finiliar #788,"[finiliar](https://finiliar.com) are living NFTs that use oracles to respond to fluctuations in the value of cryptocurrencies. They become happy and buoyant when the currency they are linked to does well, and sad or even sick when it performs poorly.",2022-01-06T22:32:39.965685,https://opensea.io/assets/ethereum/0x5a0121a0a21232ec0d024dab9017314509026480/788,https://lh3.googleusercontent.com/U7VOlrd0AlLQYYsyZV1LdTQ0b1VjYeTV1G1grjYuYHK668Wfzye-sXSCwgfvJCMKkHpf3NTIo-kE8sjSNDeTQjFVx_d-lJ0FJjQK9w,5205807828,2022-04-20T00:34:51.731005,,0x7f268357a8c2552623316e2562d90e642bb538e5,1,ETH,0.319
finiliar,Finiliar,https://opensea.io/collection/finiliar,193046101,finiliar #662,"[finiliar](https://finiliar.com) are living NFTs that use oracles to respond to fluctuations in the value of cryptocurrencies. They become happy and buoyant when the currency they are linked to does well, and sad or even sick when it performs poorly.",2022-01-06T22:32:39.965685,https://opensea.io/assets/ethereum/0x5a0121a0a21232ec0d024dab9017314509026480/662,https://lh3.googleusercontent.com/4uReihvM1Vk-w7HvhWFF2lu_UOwxXm3OMvbLzw-UT_OJeRCxOETVi1rAya0oPPp2YQxOiptGWwHWBWuVZFr-_BH8upEQfnf4L_rImhA,5164209476,2022-04-18T21:18:38.057738,,0x7f268357a8c2552623316e2562d90e642bb538e5,1,ETH,0.32
finiliar,Finiliar,https://opensea.io/collection/finiliar,193054787,finiliar #1076,"[finiliar](https://finiliar.com) are living NFTs that use oracles to respond to fluctuations in the value of cryptocurrencies. They become happy and buoyant when the currency they are linked to does well, and sad or even sick when it performs poorly.",2022-01-06T22:32:39.965685,https://opensea.io/assets/ethereum/0x5a0121a0a21232ec0d024dab9017314509026480/1076,https://lh3.googleusercontent.com/5EIol6OPqk1K49IyVSpoG4TTtIqOsJxjrJZT1B6kv1dJT7iyqm-YTqoSN4e_EVV-9caUkDzJVGYDqwj-wvrc1ZVXpwSoK9toEWid,5124893859,2022-04-17T19:07:35.390758,,0x7f268357a8c2552623316e2562d90e642bb538e5,1,ETH,0.3
finiliar,Finiliar,https://opensea.io/collection/finiliar,193039246,finiliar #396,"[finiliar](https://finiliar.com) are living NFTs that use oracles to respond to fluctuations in the value of cryptocurrencies. They become happy and buoyant when the currency they are linked to does well, and sad or even sick when it performs poorly.",2022-01-06T22:32:39.965685,https://opensea.io/assets/ethereum/0x5a0121a0a21232ec0d024dab9017314509026480/396,https://lh3.googleusercontent.com/DQaDhvSZzZnJ7Sq_MU_PTRuHPxYNEJuDVJN1eDyhkmjY_LjY0QABtG_0ZFBZXPBKfdMN95YWxVZ9HMmQfLgm5BiYVYpb7zLzt5Kf370,5009622947,2022-04-14T09:35:55.224481,,0x7f268357a8c2552623316e2562d90e642bb538e5,1,ETH,0.28
finiliar,Finiliar,https://opensea.io/collection/finiliar,193056279,finiliar #1180,"[finiliar](https://finiliar.com) are living NFTs that use oracles to respond to fluctuations in the value of cryptocurrencies. They become happy and buoyant when the currency they are linked to does well, and sad or even sick when it performs poorly.",2022-01-06T22:32:39.965685,https://opensea.io/assets/ethereum/0x5a0121a0a21232ec0d024dab9017314509026480/1180,https://lh3.googleusercontent.com/SzgLrJYsdoYEO3q3tthL17-3ma0rsdTjUU370FwaOEopxjsB7lsQ2wJcqi5C9e4sBkJjINmVSOHpFfUbRCaIn80JmPpwLFRY3iBM,4920880693,2022-04-11T16:19:28.067671,,0x7f268357a8c2552623316e2562d90e642bb538e5,1,ETH,0.279
finiliar,Finiliar,https://opensea.io/collection/finiliar,193043569,finiliar #520,"[finiliar](https://finiliar.com) are living NFTs that use oracles to respond to fluctuations in the value of cryptocurrencies. They become happy and buoyant when the currency they are linked to does well, and sad or even sick when it performs poorly.",2022-01-06T22:32:39.965685,https://opensea.io/assets/ethereum/0x5a0121a0a21232ec0d024dab9017314509026480/520,https://lh3.googleusercontent.com/N3EV3kQvVuwmFpH_QuF7Yf-Wzf0qowyjAUZIV_djvCmqeig-NDFVMX42bRrEQS6KlNjAb_zffYJM5ZvnR0GPHwntS4336UEfqYWyHdQ,4917057593,2022-04-11T13:30:48.721412,,0x7f268357a8c2552623316e2562d90e642bb538e5,1,ETH,0.275
finiliar,Finiliar,https://opensea.io/collection/finiliar,193038432,finiliar #324,"[finiliar](https://finiliar.com) are living NFTs that use oracles to respond to fluctuations in the value of cryptocurrencies. They become happy and buoyant when the currency they are linked to does well, and sad or even sick when it performs poorly.",2022-01-06T22:32:39.965685,https://opensea.io/assets/ethereum/0x5a0121a0a21232ec0d024dab9017314509026480/324,https://lh3.googleusercontent.com/mk-zfWGZfxJU71i07ZN2Tr0OdHTyvG-MUUuHZKEvYk8IfvlJgg-_m6KYNArLfjP_Aac-SuVtvVz0mYoHnhShajCBvHz51DFEjzMN1A,4885341237,2022-04-10T14:13:00.818662,,0x7f268357a8c2552623316e2562d90e642bb538e5,1,ETH,0.28
finiliar,Finiliar,https://opensea.io/collection/finiliar,193047836,finiliar #809,"[finiliar](https://finiliar.com) are living NFTs that use oracles to respond to fluctuations in the value of cryptocurrencies. They become happy and buoyant when the currency they are linked to does well, and sad or even sick when it performs poorly.",2022-01-06T22:32:39.965685,https://opensea.io/assets/ethereum/0x5a0121a0a21232ec0d024dab9017314509026480/809,https://lh3.googleusercontent.com/2ZjTV3TAp4H2_mDsUgVPxRyQ84NyQPb36VVZRDhLe9zohUHnvnRkRFAycmn3pNLtna8tQ6fcNqh-_8K-N_i0SfbIAFVcPskoFd0dVQ,4884791305,2022-04-10T13:50:30.520663,,0x7f268357a8c2552623316e2562d90e642bb538e5,1,ETH,0.55
finiliar,Finiliar,https://opensea.io/collection/finiliar,193038419,finiliar #323,"[finiliar](https://finiliar.com) are living NFTs that use oracles to respond to fluctuations in the value of cryptocurrencies. They become happy and buoyant when the currency they are linked to does well, and sad or even sick when it performs poorly.",2022-01-06T22:32:39.965685,https://opensea.io/assets/ethereum/0x5a0121a0a21232ec0d024dab9017314509026480/323,https://lh3.googleusercontent.com/4wpr6SCBq22oGx36W4BofMTr7lw2NCn7YprZDmcCL3ZNw8ZAzkIcMrR83kKZq66QA1giPephzQDnR9h7zWMtaVrW62Fs3jthLrQ3zQk,4884160281,2022-04-10T13:21:13.761458,,0x7f268357a8c2552623316e2562d90e642bb538e5,1,ETH,0.28
finiliar,Finiliar,https://opensea.io/collection/finiliar,193048777,finiliar #907,"[finiliar](https://finiliar.com) are living NFTs that use oracles to respond to fluctuations in the value of cryptocurrencies. They become happy and buoyant when the currency they are linked to does well, and sad or even sick when it performs poorly.",2022-01-06T22:32:39.965685,https://opensea.io/assets/ethereum/0x5a0121a0a21232ec0d024dab9017314509026480/907,https://lh3.googleusercontent.com/yt_j6MmJLefQQly_ahaL1DC4FQsNWytyONl0wnJ_HKoogEIO5mGJI4nY1iUTJwz481bzfECMTInL9nlY80tKeWqZPzztX3I8f_A,4808799705,2022-04-08T04:05:22.313116,,0x7f268357a8c2552623316e2562d90e642bb538e5,1,ETH,0.35
finiliar,Finiliar,https://opensea.io/collection/finiliar,193056809,finiliar #1199,"[finiliar](https://finiliar.com) are living NFTs that use oracles to respond to fluctuations in the value of cryptocurrencies. They become happy and buoyant when the currency they are linked to does well, and sad or even sick when it performs poorly.",2022-01-06T22:32:39.965685,https://opensea.io/assets/ethereum/0x5a0121a0a21232ec0d024dab9017314509026480/1199,https://lh3.googleusercontent.com/_3qksqkw2QQme0aqW7zAnufoB65cmxpPNQiQgOfF7sGcwNpe9bSRoBsgOAWr5x9lDJALpi476ek-mSTDF29ExteTkgjr2uWMZCK5K-s,4787360921,2022-04-07T12:13:22.175368,,0x7f268357a8c2552623316e2562d90e642bb538e5,1,ETH,0.34
finiliar,Finiliar,https://opensea.io/collection/finiliar,193048516,finiliar #855,"[finiliar](https://finiliar.com) are living NFTs that use oracles to respond to fluctuations in the value of cryptocurrencies. They become happy and buoyant when the currency they are linked to does well, and sad or even sick when it performs poorly.",2022-01-06T22:32:39.965685,https://opensea.io/assets/ethereum/0x5a0121a0a21232ec0d024dab9017314509026480/855,https://lh3.googleusercontent.com/I8ZEHNrcXImyntO_kbVOLVlDwpeBIRLE_LAoN_TLMWiNuSD24rpCnTIRcc1QKuJbJJEW-2ecC6HJvWtWknNdqcETnLF6nxI-nyGO,4583459589,2022-03-30T16:32:39.506068,,0x7f268357a8c2552623316e2562d90e642bb538e5,1,ETH,0.6969
finiliar,Finiliar,https://opensea.io/collection/finiliar,193046506,finiliar #687,"[finiliar](https://finiliar.com) are living NFTs that use oracles to respond to fluctuations in the value of cryptocurrencies. They become happy and buoyant when the currency they are linked to does well, and sad or even sick when it performs poorly.",2022-01-06T22:32:39.965685,https://opensea.io/assets/ethereum/0x5a0121a0a21232ec0d024dab9017314509026480/687,https://lh3.googleusercontent.com/RVl3avKbSLeGWx1fLoQLuAHUPHyY_kwvG3_y2C3MmcXai2_RsmqSd76L4StnAjqWygXwtR2TZ25WUtWg5-UC2nkkrjxs9AXJ-nbHxA,4572449342,2022-03-30T04:50:34.466412,,0x7f268357a8c2552623316e2562d90e642bb538e5,1,ETH,0.42
finiliar,Finiliar,https://opensea.io/collection/finiliar,193056122,finiliar #1127,"[finiliar](https://finiliar.com) are living NFTs that use oracles to respond to fluctuations in the value of cryptocurrencies. They become happy and buoyant when the currency they are linked to does well, and sad or even sick when it performs poorly.",2022-01-06T22:32:39.965685,https://opensea.io/assets/ethereum/0x5a0121a0a21232ec0d024dab9017314509026480/1127,https://lh3.googleusercontent.com/FCZb3MCMRQPoFBlff_XNX9wCR2HXyHx-Tj3JIhhPZAK5VAGN6ZW3NnVNeSAHyBSPJI927nLGal5qTa77D4EpEfBXvE0Dis215Jy7SA,4535203599,2022-03-28T21:51:00.998206,,0x7f268357a8c2552623316e2562d90e642bb538e5,1,ETH,0.35
finiliar,Finiliar,https://opensea.io/collection/finiliar,193056091,finiliar #1144,"[finiliar](https://finiliar.com) are living NFTs that use oracles to respond to fluctuations in the value of cryptocurrencies. They become happy and buoyant when the currency they are linked to does well, and sad or even sick when it performs poorly.",2022-01-06T22:32:39.965685,https://opensea.io/assets/ethereum/0x5a0121a0a21232ec0d024dab9017314509026480/1144,https://lh3.googleusercontent.com/yJQmb29CMFkN0gRclC8sNZ8Fmykw4Hwagscl1Nvy-fLzoIlZhvewxzyRzEnLhfbbj6SY3wHQiN0DOLad1o-CZ-5JiXiJ5OWC5jRQBQ,4473727998,2022-03-26T21:04:25.146552,,0x7f268357a8c2552623316e2562d90e642bb538e5,1,ETH,0.6
finiliar,Finiliar,https://opensea.io/collection/finiliar,193039438,finiliar #409,"[finiliar](https://finiliar.com) are living NFTs that use oracles to respond to fluctuations in the value of cryptocurrencies. They become happy and buoyant when the currency they are linked to does well, and sad or even sick when it performs poorly.",2022-01-06T22:32:39.965685,https://opensea.io/assets/ethereum/0x5a0121a0a21232ec0d024dab9017314509026480/409,https://lh3.googleusercontent.com/9WsN-wAxTgELS7eJT-NR10cuvolvSrOkHsELopeAn_SU8IZUBjejAmBWonpNwWf7Jh9vOpLpVZpE1nk3OuW9tWV5-GsquVoLyGCVLA,4321593189,2022-03-21T13:29:15.540121,,0x7f268357a8c2552623316e2562d90e642bb538e5,1,ETH,0.35
finiliar,Finiliar,https://opensea.io/collection/finiliar,193056147,finiliar #1130,"[finiliar](https://finiliar.com) are living NFTs that use oracles to respond to fluctuations in the value of cryptocurrencies. They become happy and buoyant when the currency they are linked to does well, and sad or even sick when it performs poorly.",2022-01-06T22:32:39.965685,https://opensea.io/assets/ethereum/0x5a0121a0a21232ec0d024dab9017314509026480/1130,https://lh3.googleusercontent.com/7NbHQwPaxmG6JMwZrtuRhiHOIFtKlpG4Ee-SC5MxBj0fJ5E_xHo1RkIKQCHf5A5l7-pmYrE-edU7lR4ntvLU517n1tqC0LtFz6990QI,4309954888,2022-03-21T03:11:34.044151,,0x7f268357a8c2552623316e2562d90e642bb538e5,1,ETH,0.77
finiliar,Finiliar,https://opensea.io/collection/finiliar,193056168,finiliar #1152,"[finiliar](https://finiliar.com) are living NFTs that use oracles to respond to fluctuations in the value of cryptocurrencies. They become happy and buoyant when the currency they are linked to does well, and sad or even sick when it performs poorly.",2022-01-06T22:32:39.965685,https://opensea.io/assets/ethereum/0x5a0121a0a21232ec0d024dab9017314509026480/1152,https://lh3.googleusercontent.com/AWjTuhwNgVGgSBZQOUG9vEtE9_aL0MuElfiqgunXAnPqn6G98zF2AJvjJ7Y_ZyIX4j2MOwKuRbzhh3vxYz0pPagUBxE5dQg0mtmB,4309913080,2022-03-21T03:09:20.012290,,0x7f268357a8c2552623316e2562d90e642bb538e5,1,ETH,0.8
finiliar,Finiliar,https://opensea.io/collection/finiliar,193055165,finiliar #1092,"[finiliar](https://finiliar.com) are living NFTs that use oracles to respond to fluctuations in the value of cryptocurrencies. They become happy and buoyant when the currency they are linked to does well, and sad or even sick when it performs poorly.",2022-01-06T22:32:39.965685,https://opensea.io/assets/ethereum/0x5a0121a0a21232ec0d024dab9017314509026480/1092,https://lh3.googleusercontent.com/n_r_6Jy774DlUupGzakoBoSNJ6PIF752pvhDyz0uS8heuQWJivTDHjESiZBqVBcMSTTCt3ttIXzvhNiAJQttCykLiymz2y4_rKzL,4309878403,2022-03-21T03:07:29.770633,,0x7f268357a8c2552623316e2562d90e642bb538e5,1,ETH,0.489
finiliar,Finiliar,https://opensea.io/collection/finiliar,193051448,finiliar #994,"[finiliar](https://finiliar.com) are living NFTs that use oracles to respond to fluctuations in the value of cryptocurrencies. They become happy and buoyant when the currency they are linked to does well, and sad or even sick when it performs poorly.",2022-01-06T22:32:39.965685,https://opensea.io/assets/ethereum/0x5a0121a0a21232ec0d024dab9017314509026480/994,https://lh3.googleusercontent.com/jaAaY9tbCN4EaLvhb-qWd6axbw4tHqNXTzKB2yKvAlMufg2vF25JgGHY6RONH4roEtjw_hFfsXeRUEAZpvfBxoryhlaOhjsf94Li,4309799637,2022-03-21T03:03:08.948069,,0x7f268357a8c2552623316e2562d90e642bb538e5,1,ETH,0.495
finiliar,Finiliar,https://opensea.io/collection/finiliar,193056131,finiliar #1163,"[finiliar](https://finiliar.com) are living NFTs that use oracles to respond to fluctuations in the value of cryptocurrencies. They become happy and buoyant when the currency they are linked to does well, and sad or even sick when it performs poorly.",2022-01-06T22:32:39.965685,https://opensea.io/assets/ethereum/0x5a0121a0a21232ec0d024dab9017314509026480/1163,https://lh3.googleusercontent.com/KnVFhHXOp4SKxxetG9PKcazxccQAsuElgcnrMSApljQsI9BPVxCy4QAxYHU8ywfmBXEdu7qWxPKh1YsNKSMXxMiiDmHyYqY2GPW0,4306197432,2022-03-20T23:50:10.362248,,0x7f268357a8c2552623316e2562d90e642bb538e5,1,ETH,0.45
finiliar,Finiliar,https://opensea.io/collection/finiliar,193045493,finiliar #653,"[finiliar](https://finiliar.com) are living NFTs that use oracles to respond to fluctuations in the value of cryptocurrencies. They become happy and buoyant when the currency they are linked to does well, and sad or even sick when it performs poorly.",2022-01-06T22:32:39.965685,https://opensea.io/assets/ethereum/0x5a0121a0a21232ec0d024dab9017314509026480/653,https://lh3.googleusercontent.com/HdSvTe-hxGLKX7BOAspUgq3dM0pB6EGPIy5ikQJBZdFWuxEx58QuJ0SMDr9kn4JNwNSvXLRaTSF6CwFegwTEIxbct8FiDRppx1IkUY0,4306175110,2022-03-20T23:49:04.027852,,0x7f268357a8c2552623316e2562d90e642bb538e5,1,ETH,0.385
finiliar,Finiliar,https://opensea.io/collection/finiliar,193056314,finiliar #1184,"[finiliar](https://finiliar.com) are living NFTs that use oracles to respond to fluctuations in the value of cryptocurrencies. They become happy and buoyant when the currency they are linked to does well, and sad or even sick when it performs poorly.",2022-01-06T22:32:39.965685,https://opensea.io/assets/ethereum/0x5a0121a0a21232ec0d024dab9017314509026480/1184,https://lh3.googleusercontent.com/zQ6zFQ_ordS6nnO4TgPvReNHYfNRp2crmdabieHpL5WePosq6g4o8z0J_82rwS5qGARBqs7J8Q2d8QUwthooMzH6oBpax9iY8Sh4ZN0,4233672657,2022-03-18T15:07:23.951634,,0x7f268357a8c2552623316e2562d90e642bb538e5,1,ETH,0.429
finiliar,Finiliar,https://opensea.io/collection/finiliar,193039440,finiliar #410,"[finiliar](https://finiliar.com) are living NFTs that use oracles to respond to fluctuations in the value of cryptocurrencies. They become happy and buoyant when the currency they are linked to does well, and sad or even sick when it performs poorly.",2022-01-06T22:32:39.965685,https://opensea.io/assets/ethereum/0x5a0121a0a21232ec0d024dab9017314509026480/410,https://lh3.googleusercontent.com/-aoL9-MtuocYXKeCXlpCVHl2G_g8aFpuUBSTQTQih0AG9__mPtP1TQoZC4eQhjjqEmSMKKzM_NnOAzcIlnBSi7kyjQQO4iwHyyK0qg,4172691846,2022-03-16T13:40:59.781999,,0x7f268357a8c2552623316e2562d90e642bb538e5,1,ETH,0.44
finiliar,Finiliar,https://opensea.io/collection/finiliar,193048067,finiliar #850,"[finiliar](https://finiliar.com) are living NFTs that use oracles to respond to fluctuations in the value of cryptocurrencies. They become happy and buoyant when the currency they are linked to does well, and sad or even sick when it performs poorly.",2022-01-06T22:32:39.965685,https://opensea.io/assets/ethereum/0x5a0121a0a21232ec0d024dab9017314509026480/850,https://lh3.googleusercontent.com/6ngORhj14DQMyQojHPGg_1H0wY09kBW0uRB1-nFsA0Hre2p_nzbPQfLFipVGb-hgaJhLn56wJO5qn_4D1me72rFMpXGKNTX6jDTeEg,4152349423,2022-03-15T20:03:12.074387,,0x7f268357a8c2552623316e2562d90e642bb538e5,1,ETH,0.5
finiliar,Finiliar,https://opensea.io/collection/finiliar,193053555,finiliar #1020,"[finiliar](https://finiliar.com) are living NFTs that use oracles to respond to fluctuations in the value of cryptocurrencies. They become happy and buoyant when the currency they are linked to does well, and sad or even sick when it performs poorly.",2022-01-06T22:32:39.965685,https://opensea.io/assets/ethereum/0x5a0121a0a21232ec0d024dab9017314509026480/1020,https://lh3.googleusercontent.com/G0s5QlJg6a-gU6gVYFkEyCGDOhWPmOYMIKG9-RMBeoqzn6oo8beAFOvJ31aWWJh1FaVGcF-W5Jl1IfqypH_1DKKt59VEREG1gE-f5Q,4152227577,2022-03-15T19:57:12.135760,,0x7f268357a8c2552623316e2562d90e642bb538e5,1,ETH,0.49
finiliar,Finiliar,https://opensea.io/collection/finiliar,193056197,finiliar #1155,"[finiliar](https://finiliar.com) are living NFTs that use oracles to respond to fluctuations in the value of cryptocurrencies. They become happy and buoyant when the currency they are linked to does well, and sad or even sick when it performs poorly.",2022-01-06T22:32:39.965685,https://opensea.io/assets/ethereum/0x5a0121a0a21232ec0d024dab9017314509026480/1155,https://lh3.googleusercontent.com/lSe5ZMBixrHqrwr12XlH8PP3JSONJ3r5eeWd_qeoQjReQqbMX1UOx2XQs6gLQeyfcYsHZWuIMH4bSZqHTnQ49imWM41evGHh9y80FXw,4151764441,2022-03-15T19:33:21.346341,,0x7f268357a8c2552623316e2562d90e642bb538e5,1,ETH,0.444
finiliar,Finiliar,https://opensea.io/collection/finiliar,193051613,finiliar #989,"[finiliar](https://finiliar.com) are living NFTs that use oracles to respond to fluctuations in the value of cryptocurrencies. They become happy and buoyant when the currency they are linked to does well, and sad or even sick when it performs poorly.",2022-01-06T22:32:39.965685,https://opensea.io/assets/ethereum/0x5a0121a0a21232ec0d024dab9017314509026480/989,https://lh3.googleusercontent.com/aMOGDElHuN5zp1vW3FT7XlNdKDlnzJzFq4MymcMz1WM0RNSQTV3SZ4Iyz12t_w8k_cjUQA4cYLI3Ct6GpxGHfEKZ3ldM8KQTtn2LsQ,4148334669,2022-03-15T16:43:54.513237,,0x7f268357a8c2552623316e2562d90e642bb538e5,1,ETH,0.4443
finiliar,Finiliar,https://opensea.io/collection/finiliar,193038196,finiliar #301,"[finiliar](https://finiliar.com) are living NFTs that use oracles to respond to fluctuations in the value of cryptocurrencies. They become happy and buoyant when the currency they are linked to does well, and sad or even sick when it performs poorly.",2022-01-06T22:32:39.965685,https://opensea.io/assets/ethereum/0x5a0121a0a21232ec0d024dab9017314509026480/301,https://lh3.googleusercontent.com/wlS1LVN8kmMGJvf5dfe8A6rRPPKowHc2G3g3eqEiN4UiYjcgiCqInX1wGy1LAwQHszb8P1OGUePS5n9q2Y2BseU3jhjFw60BAorH9A,4147989382,2022-03-15T16:27:38.573811,,0x7f268357a8c2552623316e2562d90e642bb538e5,1,ETH,0.99
finiliar,Finiliar,https://opensea.io/collection/finiliar,193046176,finiliar #668,"[finiliar](https://finiliar.com) are living NFTs that use oracles to respond to fluctuations in the value of cryptocurrencies. They become happy and buoyant when the currency they are linked to does well, and sad or even sick when it performs poorly.",2022-01-06T22:32:39.965685,https://opensea.io/assets/ethereum/0x5a0121a0a21232ec0d024dab9017314509026480/668,https://lh3.googleusercontent.com/-cSLb0wK6FJO1NPHQwRASkg5LcCWihO94vu4UXeq_5ZBs05KJgfuZsYIW55wUPZbbte2-mFihA3yx5Y2vzeYAfylWMIgSWnTR8Hnrg,4147971132,2022-03-15T16:26:43.510489,,0x7f268357a8c2552623316e2562d90e642bb538e5,1,ETH,0.95
finiliar,Finiliar,https://opensea.io/collection/finiliar,193047353,finiliar #733,"[finiliar](https://finiliar.com) are living NFTs that use oracles to respond to fluctuations in the value of cryptocurrencies. They become happy and buoyant when the currency they are linked to does well, and sad or even sick when it performs poorly.",2022-01-06T22:32:39.965685,https://opensea.io/assets/ethereum/0x5a0121a0a21232ec0d024dab9017314509026480/733,https://lh3.googleusercontent.com/d5ooxUc77pXeh085AYZCVa0lykmJ5m4pzAo7-L12TP1qXMfhJ0QDuHBQtZFRyWWMIYhYZR4NNYZvTordUK26o0SuWDeXCGVis0M,4147949424,2022-03-15T16:25:42.052620,,0x7f268357a8c2552623316e2562d90e642bb538e5,1,ETH,0.444
finiliar,Finiliar,https://opensea.io/collection/finiliar,193053691,finiliar #1022,"[finiliar](https://finiliar.com) are living NFTs that use oracles to respond to fluctuations in the value of cryptocurrencies. They become happy and buoyant when the currency they are linked to does well, and sad or even sick when it performs poorly.",2022-01-06T22:32:39.965685,https://opensea.io/assets/ethereum/0x5a0121a0a21232ec0d024dab9017314509026480/1022,https://lh3.googleusercontent.com/uEvXv-oAXhXE9hkr2HeHzrS9DwVZSHM3o-Zf0R89Eki5Owzj3PmmXcOkPZXrzVR_-BeQGAWdOmSEZlnLKSBoCqFitXgsY6uB8dw2RA,4147856561,2022-03-15T16:21:23.732477,,0x7f268357a8c2552623316e2562d90e642bb538e5,1,ETH,0.444
finiliar,Finiliar,https://opensea.io/collection/finiliar,193056324,finiliar #1186,"[finiliar](https://finiliar.com) are living NFTs that use oracles to respond to fluctuations in the value of cryptocurrencies. They become happy and buoyant when the currency they are linked to does well, and sad or even sick when it performs poorly.",2022-01-06T22:32:39.965685,https://opensea.io/assets/ethereum/0x5a0121a0a21232ec0d024dab9017314509026480/1186,https://lh3.googleusercontent.com/5bwB0W9zQvqqNZ8dA3oL1FIAcRDqKI6Mj5ZgkqJvjbkKRBJROVfC3vd9DgrlSMHg2iNEdD4h1R4ZIFl2MmFCtUsAu8c_8K5CxAY3Zw,4129309051,2022-03-15T00:01:49.224874,,0x7f268357a8c2552623316e2562d90e642bb538e5,1,ETH,0.54
finiliar,Finiliar,https://opensea.io/collection/finiliar,193038075,finiliar #293,"[finiliar](https://finiliar.com) are living NFTs that use oracles to respond to fluctuations in the value of cryptocurrencies. They become happy and buoyant when the currency they are linked to does well, and sad or even sick when it performs poorly.",2022-01-06T22:32:39.965685,https://opensea.io/assets/ethereum/0x5a0121a0a21232ec0d024dab9017314509026480/293,https://lh3.googleusercontent.com/0dQxFE0gN6f0nWoa9E2PmYBIfKaB8IiYSxkYRYvz0ft6wlb9ByxIAD412s82b8tfy8NKDlCtOOoe4TSTUEDoRgFA4ThsG90oSspPPQ,4121567167,2022-03-14T17:24:55.313774,,0x7f268357a8c2552623316e2562d90e642bb538e5,1,ETH,0.45
finiliar,Finiliar,https://opensea.io/collection/finiliar,193050238,finiliar #960,"[finiliar](https://finiliar.com) are living NFTs that use oracles to respond to fluctuations in the value of cryptocurrencies. They become happy and buoyant when the currency they are linked to does well, and sad or even sick when it performs poorly.",2022-01-06T22:32:39.965685,https://opensea.io/assets/ethereum/0x5a0121a0a21232ec0d024dab9017314509026480/960,https://lh3.googleusercontent.com/FhVMdhbYM5GIULVW__atcyHkV4gNdsAvNK1COp0Mi_YMFLEm3Y1tpc4yqJuQzoP3ffeE03iMORD8JVENwNtaco2n7DLjQVM7R0ijfQ,4121539924,2022-03-14T17:23:27.835500,,0x7f268357a8c2552623316e2562d90e642bb538e5,1,ETH,0.399
finiliar,Finiliar,https://opensea.io/collection/finiliar,193044474,finiliar #631,"[finiliar](https://finiliar.com) are living NFTs that use oracles to respond to fluctuations in the value of cryptocurrencies. They become happy and buoyant when the currency they are linked to does well, and sad or even sick when it performs poorly.",2022-01-06T22:32:39.965685,https://opensea.io/assets/ethereum/0x5a0121a0a21232ec0d024dab9017314509026480/631,https://lh3.googleusercontent.com/y8ILBkuwP6ULvQdIBZPLT0gkS8jRk3mlwC2512qhv0ffsrc18qWrClUoGQ7NTYiPtINKMwbQzctDM1khGLyH3BIXmTviEw-XwIEk,4121521533,2022-03-14T17:22:32.743817,,0x7f268357a8c2552623316e2562d90e642bb538e5,1,ETH,0.529
finiliar,Finiliar,https://opensea.io/collection/finiliar,193039430,finiliar #407,"[finiliar](https://finiliar.com) are living NFTs that use oracles to respond to fluctuations in the value of cryptocurrencies. They become happy and buoyant when the currency they are linked to does well, and sad or even sick when it performs poorly.",2022-01-06T22:32:39.965685,https://opensea.io/assets/ethereum/0x5a0121a0a21232ec0d024dab9017314509026480/407,https://lh3.googleusercontent.com/qkfyQvmKtGf5JVpjBqg0099BgdKrqzxjed0HMWy5RE2kIk9tc8G3sE7-bQvnAf0hyCZYSGcsz9TRfmHVgRkMhcoDAgWaoF4U7Y--mA,4078688739,2022-03-13T03:34:38.027634,,0x7f268357a8c2552623316e2562d90e642bb538e5,1,ETH,0.49
finiliar,Finiliar,https://opensea.io/collection/finiliar,193056834,finiliar #1208,"[finiliar](https://finiliar.com) are living NFTs that use oracles to respond to fluctuations in the value of cryptocurrencies. They become happy and buoyant when the currency they are linked to does well, and sad or even sick when it performs poorly.",2022-01-06T22:32:39.965685,https://opensea.io/assets/ethereum/0x5a0121a0a21232ec0d024dab9017314509026480/1208,https://lh3.googleusercontent.com/esQfD2-oOKMX7f2axJGf8IUVzMFIOxOClcBk8bLSZSSpGQsQxlkH4t8kgxrfdz4zF1iAslz7FpNRj3iqlb9bxqYp6qPx4g137Rt9,4078688655,2022-03-13T03:34:37.771969,,0x7f268357a8c2552623316e2562d90e642bb538e5,1,ETH,0.45
finiliar,Finiliar,https://opensea.io/collection/finiliar,193056128,finiliar #1165,"[finiliar](https://finiliar.com) are living NFTs that use oracles to respond to fluctuations in the value of cryptocurrencies. They become happy and buoyant when the currency they are linked to does well, and sad or even sick when it performs poorly.",2022-01-06T22:32:39.965685,https://opensea.io/assets/ethereum/0x5a0121a0a21232ec0d024dab9017314509026480/1165,https://lh3.googleusercontent.com/q_Wohf1kMD9KMIgwRZSRkbCgJzBYeP-izKOyrEWIcIRMBJa4mMszc-1h61gKAJVPxHZGfQt2oS-d-Onmvy9WUjAfxGbPeDpzfcWZ,4056527654,2022-03-12T08:38:54.591810,,0x7f268357a8c2552623316e2562d90e642bb538e5,1,WETH,0.5
finiliar,Finiliar,https://opensea.io/collection/finiliar,193039187,finiliar #393,"[finiliar](https://finiliar.com) are living NFTs that use oracles to respond to fluctuations in the value of cryptocurrencies. They become happy and buoyant when the currency they are linked to does well, and sad or even sick when it performs poorly.",2022-01-06T22:32:39.965685,https://opensea.io/assets/ethereum/0x5a0121a0a21232ec0d024dab9017314509026480/393,https://lh3.googleusercontent.com/d4zB2rEsFyt3_5nw-fLaeYmWwijHHcou-vYFTruA9TVHbZkB4aTxjNrl20OFLoI0Mz0gGU-lq6kInA2QL5gR-YS1TJQYfcvP_w1d7g,4050009958,2022-03-12T02:49:01.607789,,0x7f268357a8c2552623316e2562d90e642bb538e5,1,ETH,0.49
finiliar,Finiliar,https://opensea.io/collection/finiliar,193047252,finiliar #784,"[finiliar](https://finiliar.com) are living NFTs that use oracles to respond to fluctuations in the value of cryptocurrencies. They become happy and buoyant when the currency they are linked to does well, and sad or even sick when it performs poorly.",2022-01-06T22:32:39.965685,https://opensea.io/assets/ethereum/0x5a0121a0a21232ec0d024dab9017314509026480/784,https://lh3.googleusercontent.com/O3kV7cEF9_aAj0mYKHkPmj_v-4eVLBhRo6YALSgFE8XpKU8oYig0Z6yWx-CWUCANc53QAJnXJkUN1lD7vTKFKDgFDYFYcZVMxotc,4041529042,2022-03-11T19:24:16.595685,,0x7f268357a8c2552623316e2562d90e642bb538e5,1,ETH,1.2
finiliar,Finiliar,https://opensea.io/collection/finiliar,193047812,finiliar #799,"[finiliar](https://finiliar.com) are living NFTs that use oracles to respond to fluctuations in the value of cryptocurrencies. They become happy and buoyant when the currency they are linked to does well, and sad or even sick when it performs poorly.",2022-01-06T22:32:39.965685,https://opensea.io/assets/ethereum/0x5a0121a0a21232ec0d024dab9017314509026480/799,https://lh3.googleusercontent.com/S3enXnyrcA6ebRcrXHt_U-80DtOCISaYLMdKw1uAu-0cGSZeoZwbQu2nnrhQj2rbuXuFtOQiOES6PGGXeZCfEjSETECv8aGOpf6E,4041006180,2022-03-11T18:59:17.768462,,0x7f268357a8c2552623316e2562d90e642bb538e5,1,ETH,0.46
finiliar,Finiliar,https://opensea.io/collection/finiliar,193056117,finiliar #1164,"[finiliar](https://finiliar.com) are living NFTs that use oracles to respond to fluctuations in the value of cryptocurrencies. They become happy and buoyant when the currency they are linked to does well, and sad or even sick when it performs poorly.",2022-01-06T22:32:39.965685,https://opensea.io/assets/ethereum/0x5a0121a0a21232ec0d024dab9017314509026480/1164,https://lh3.googleusercontent.com/xNRcVFsxZRa5wSXwJR3ZRCQSIs5hMkFpN_J5BYLeWl_NU4RX0Z5kJydzEkLeV6CM0M5GU9C_SLzDZuj-LGpCxfJB9zFKvUub2mrGRQ,4040649984,2022-03-11T18:42:48.612973,,0x7f268357a8c2552623316e2562d90e642bb538e5,1,ETH,0.949
finiliar,Finiliar,https://opensea.io/collection/finiliar,193048122,finiliar #853,"[finiliar](https://finiliar.com) are living NFTs that use oracles to respond to fluctuations in the value of cryptocurrencies. They become happy and buoyant when the currency they are linked to does well, and sad or even sick when it performs poorly.",2022-01-06T22:32:39.965685,https://opensea.io/assets/ethereum/0x5a0121a0a21232ec0d024dab9017314509026480/853,https://lh3.googleusercontent.com/diPDK2XjtZgIFLIrMBl0nRKyOX-7XX_TVchorS3843iHzkU_jfHGIDcGuOyUfNJ5MIMVIKnq1HDJ2W3rcpuU8P2tCOYfMqCjcVHtdNU,4040592756,2022-03-11T18:40:15.501428,,0x7f268357a8c2552623316e2562d90e642bb538e5,1,ETH,0.45080000000000003
finiliar,Finiliar,https://opensea.io/collection/finiliar,193048122,finiliar #853,"[finiliar](https://finiliar.com) are living NFTs that use oracles to respond to fluctuations in the value of cryptocurrencies. They become happy and buoyant when the currency they are linked to does well, and sad or even sick when it performs poorly.",2022-01-06T22:32:39.965685,https://opensea.io/assets/ethereum/0x5a0121a0a21232ec0d024dab9017314509026480/853,https://lh3.googleusercontent.com/diPDK2XjtZgIFLIrMBl0nRKyOX-7XX_TVchorS3843iHzkU_jfHGIDcGuOyUfNJ5MIMVIKnq1HDJ2W3rcpuU8P2tCOYfMqCjcVHtdNU,4034316208,2022-03-11T13:28:38.934516,,0x7f268357a8c2552623316e2562d90e642bb538e5,1,WETH,0.3504
finiliar,Finiliar,https://opensea.io/collection/finiliar,193050101,finiliar #953,"[finiliar](https://finiliar.com) are living NFTs that use oracles to respond to fluctuations in the value of cryptocurrencies. They become happy and buoyant when the currency they are linked to does well, and sad or even sick when it performs poorly.",2022-01-06T22:32:39.965685,https://opensea.io/assets/ethereum/0x5a0121a0a21232ec0d024dab9017314509026480/953,https://lh3.googleusercontent.com/jwEyeJNkKN9PTEK6Da255fL7v1Vh9vXSL8WThG89XXRJ3OUvB7MiC5FjBXYR7BnUQ2q_oXyxUoD342bPqYo9FCPiL3uiMHEMrYQK,4032348274,2022-03-11T11:46:57.750124,,0x7f268357a8c2552623316e2562d90e642bb538e5,1,ETH,0.23
finiliar,Finiliar,https://opensea.io/collection/finiliar,191891297,finiliar #201,"[finiliar](https://finiliar.com) are living NFTs that use oracles to respond to fluctuations in the value of cryptocurrencies. They become happy and buoyant when the currency they are linked to does well, and sad or even sick when it performs poorly.",2022-01-06T22:32:39.965685,https://opensea.io/assets/ethereum/0x5a0121a0a21232ec0d024dab9017314509026480/201,https://lh3.googleusercontent.com/uHTfzxn24yyivIsA_NdJcBnPaLUAlB6fwkY7S8o8jqgTgGdGIER9pjbONxNd5igqnpVIdOtdsxazsQiAfw-8drSWQf9RlMr88kInBoo,3991946128,2022-03-09T21:23:05.001259,,0x7f268357a8c2552623316e2562d90e642bb538e5,1,ETH,1.69
finiliar,Finiliar,https://opensea.io/collection/finiliar,193047323,finiliar #786,"[finiliar](https://finiliar.com) are living NFTs that use oracles to respond to fluctuations in the value of cryptocurrencies. They become happy and buoyant when the currency they are linked to does well, and sad or even sick when it performs poorly.",2022-01-06T22:32:39.965685,https://opensea.io/assets/ethereum/0x5a0121a0a21232ec0d024dab9017314509026480/786,https://lh3.googleusercontent.com/-JFJIs8NWtJ_HiEGThdnYkY-ewCh0UEHrh4S1s9fJFyQBtB04LndBN2z_OPc2TDH-72xHj5nBAaElpWJmOIrmR2tK9a7ilft4usM8Q,3990890758,2022-03-09T20:25:54.462606,,0x7f268357a8c2552623316e2562d90e642bb538e5,1,ETH,0.5
finiliar,Finiliar,https://opensea.io/collection/finiliar,193051435,finiliar #983,"[finiliar](https://finiliar.com) are living NFTs that use oracles to respond to fluctuations in the value of cryptocurrencies. They become happy and buoyant when the currency they are linked to does well, and sad or even sick when it performs poorly.",2022-01-06T22:32:39.965685,https://opensea.io/assets/ethereum/0x5a0121a0a21232ec0d024dab9017314509026480/983,https://lh3.googleusercontent.com/1ccVOPQwAshEpKePl9LYrZTmAS0Y8hiGGI57s1l0VgvXzaVofawM05f_alBCPtvinNO0_G374PmoJlkzj5Mpy8QLETg0h1TpqkyD,3988741676,2022-03-09T18:36:00.017427,,0x7f268357a8c2552623316e2562d90e642bb538e5,1,WETH,0.45
finiliar,Finiliar,https://opensea.io/collection/finiliar,191892439,finiliar #142,"[finiliar](https://finiliar.com) are living NFTs that use oracles to respond to fluctuations in the value of cryptocurrencies. They become happy and buoyant when the currency they are linked to does well, and sad or even sick when it performs poorly.",2022-01-06T22:32:39.965685,https://opensea.io/assets/ethereum/0x5a0121a0a21232ec0d024dab9017314509026480/142,https://lh3.googleusercontent.com/7n6YDfL2amkANEbctsAF38Qbl3dLYg_zwsvo_dwR_ZljVCOdYrs2wGfXJ_bNK-HDZlHIp-ZwJJgh8yCzO_9lxh6ZUiCq_02MPaZPxA,3985577144,2022-03-09T15:46:21.584559,,0x7f268357a8c2552623316e2562d90e642bb538e5,1,WETH,0.15
finiliar,Finiliar,https://opensea.io/collection/finiliar,193049158,finiliar #934,"[finiliar](https://finiliar.com) are living NFTs that use oracles to respond to fluctuations in the value of cryptocurrencies. They become happy and buoyant when the currency they are linked to does well, and sad or even sick when it performs poorly.",2022-01-06T22:32:39.965685,https://opensea.io/assets/ethereum/0x5a0121a0a21232ec0d024dab9017314509026480/934,https://lh3.googleusercontent.com/5wDzuh8kw8rEea6R-ddSlQ9d-TjAG_bidAlDg1FJdIWcpIgPBknm9j0SaZ2bnhx2jPaxOZVhLMNfB9POp1NlUPQOJ3tTozX1hesyKw,3979707338,2022-03-09T10:26:02.651124,,0x7f268357a8c2552623316e2562d90e642bb538e5,1,ETH,0.889
finiliar,Finiliar,https://opensea.io/collection/finiliar,193049185,finiliar #943,"[finiliar](https://finiliar.com) are living NFTs that use oracles to respond to fluctuations in the value of cryptocurrencies. They become happy and buoyant when the currency they are linked to does well, and sad or even sick when it performs poorly.",2022-01-06T22:32:39.965685,https://opensea.io/assets/ethereum/0x5a0121a0a21232ec0d024dab9017314509026480/943,https://lh3.googleusercontent.com/55BmMXty1YvKyoMByvLMWSOyzxTmBHgJTtbwwqSj2SVJQJWETSkEhtQiMnVZTQ8zB8GGbPv92gmCO9Bxl7-q2ArpenvTLnR80_93gQ,3979686126,2022-03-09T10:24:56.969213,,0x7f268357a8c2552623316e2562d90e642bb538e5,1,ETH,0.85
finiliar,Finiliar,https://opensea.io/collection/finiliar,193038225,finiliar #304,"[finiliar](https://finiliar.com) are living NFTs that use oracles to respond to fluctuations in the value of cryptocurrencies. They become happy and buoyant when the currency they are linked to does well, and sad or even sick when it performs poorly.",2022-01-06T22:32:39.965685,https://opensea.io/assets/ethereum/0x5a0121a0a21232ec0d024dab9017314509026480/304,https://lh3.googleusercontent.com/xU5o-qQsKNrFU6eWw4N0AtJV9O2hhADfnz3wmESiQ2dFQWVUu9df12_KcaNa1AxkV2ND5uvqpQ8hDa4hi9rF0PIKZ0w17DUCKWlsMsQ,3974659644,2022-03-09T04:38:54.350886,,0x7f268357a8c2552623316e2562d90e642bb538e5,1,ETH,0.41
finiliar,Finiliar,https://opensea.io/collection/finiliar,193044474,finiliar #631,"[finiliar](https://finiliar.com) are living NFTs that use oracles to respond to fluctuations in the value of cryptocurrencies. They become happy and buoyant when the currency they are linked to does well, and sad or even sick when it performs poorly.",2022-01-06T22:32:39.965685,https://opensea.io/assets/ethereum/0x5a0121a0a21232ec0d024dab9017314509026480/631,https://lh3.googleusercontent.com/y8ILBkuwP6ULvQdIBZPLT0gkS8jRk3mlwC2512qhv0ffsrc18qWrClUoGQ7NTYiPtINKMwbQzctDM1khGLyH3BIXmTviEw-XwIEk,3974620240,2022-03-09T04:36:25.502273,,0x7f268357a8c2552623316e2562d90e642bb538e5,1,ETH,0.44
finiliar,Finiliar,https://opensea.io/collection/finiliar,193056167,finiliar #1132,"[finiliar](https://finiliar.com) are living NFTs that use oracles to respond to fluctuations in the value of cryptocurrencies. They become happy and buoyant when the currency they are linked to does well, and sad or even sick when it performs poorly.",2022-01-06T22:32:39.965685,https://opensea.io/assets/ethereum/0x5a0121a0a21232ec0d024dab9017314509026480/1132,https://lh3.googleusercontent.com/5I0oQW8JkBY-yYW-7hENmNv4zmX7rrpJM-G2NvkIw7fWr9eXPYtwS0eAE46DSMqd1k6fBYFb_U8MWU-E8PYqagHQR9kXzUWue5OI,3974447480,2022-03-09T04:25:30.245294,,0x7f268357a8c2552623316e2562d90e642bb538e5,1,ETH,0.78
finiliar,Finiliar,https://opensea.io/collection/finiliar,193037833,finiliar #213,"[finiliar](https://finiliar.com) are living NFTs that use oracles to respond to fluctuations in the value of cryptocurrencies. They become happy and buoyant when the currency they are linked to does well, and sad or even sick when it performs poorly.",2022-01-06T22:32:39.965685,https://opensea.io/assets/ethereum/0x5a0121a0a21232ec0d024dab9017314509026480/213,https://lh3.googleusercontent.com/A3Mn1cF_5IsOOw-r_tXYPPMDS-mIZpaFOdiYXezWuRXa6TqEUFxxBbsHv6fzaZCvbpIy2rwfl2YywmBpkGdza_RNIVnBXYmvIQYN9Q,3974320527,2022-03-09T04:17:36.778952,,0x7f268357a8c2552623316e2562d90e642bb538e5,1,ETH,0.2499
finiliar,Finiliar,https://opensea.io/collection/finiliar,193049185,finiliar #943,"[finiliar](https://finiliar.com) are living NFTs that use oracles to respond to fluctuations in the value of cryptocurrencies. They become happy and buoyant when the currency they are linked to does well, and sad or even sick when it performs poorly.",2022-01-06T22:32:39.965685,https://opensea.io/assets/ethereum/0x5a0121a0a21232ec0d024dab9017314509026480/943,https://lh3.googleusercontent.com/55BmMXty1YvKyoMByvLMWSOyzxTmBHgJTtbwwqSj2SVJQJWETSkEhtQiMnVZTQ8zB8GGbPv92gmCO9Bxl7-q2ArpenvTLnR80_93gQ,3973962863,2022-03-09T03:53:32.263697,,0x7f268357a8c2552623316e2562d90e642bb538e5,1,ETH,0.5
finiliar,Finiliar,https://opensea.io/collection/finiliar,193055195,finiliar #1095,"[finiliar](https://finiliar.com) are living NFTs that use oracles to respond to fluctuations in the value of cryptocurrencies. They become happy and buoyant when the currency they are linked to does well, and sad or even sick when it performs poorly.",2022-01-06T22:32:39.965685,https://opensea.io/assets/ethereum/0x5a0121a0a21232ec0d024dab9017314509026480/1095,https://lh3.googleusercontent.com/IHnarcBpHO6aREc3ML4QUS8JOePxfh5lew5nYnR2o-PlGl10yYDtFRxbPq5t4KCpR6_SFFGrc-djMdzR92kMBm6XGD1IBlB5lfcwNMY,3973249917,2022-03-09T03:05:08.036561,,0x7f268357a8c2552623316e2562d90e642bb538e5,1,ETH,0.25
finiliar,Finiliar,https://opensea.io/collection/finiliar,193046090,finiliar #661,"[finiliar](https://finiliar.com) are living NFTs that use oracles to respond to fluctuations in the value of cryptocurrencies. They become happy and buoyant when the currency they are linked to does well, and sad or even sick when it performs poorly.",2022-01-06T22:32:39.965685,https://opensea.io/assets/ethereum/0x5a0121a0a21232ec0d024dab9017314509026480/661,https://lh3.googleusercontent.com/eNvywa4J35HYCqoEuz36uCaJGNnhVQtU_DOkUw32qpNYyG7oVzGnZJkCN4bQ6Vi6u6M7uuXTvQSJHSedK3RznrE1uxfoiZbLj4uj8A,3971182267,2022-03-09T01:01:42.818078,,0x7f268357a8c2552623316e2562d90e642bb538e5,1,ETH,0.248
finiliar,Finiliar,https://opensea.io/collection/finiliar,193052716,finiliar #996,"[finiliar](https://finiliar.com) are living NFTs that use oracles to respond to fluctuations in the value of cryptocurrencies. They become happy and buoyant when the currency they are linked to does well, and sad or even sick when it performs poorly.",2022-01-06T22:32:39.965685,https://opensea.io/assets/ethereum/0x5a0121a0a21232ec0d024dab9017314509026480/996,https://lh3.googleusercontent.com/g0k_uSB5cG6WaZRgWxES9kMGZc6eZeTtPTKvcQkAH0r8ObMnKFqLxOGmaWCxI1zTvEfdPW3cOvw8-2JLbk1W4ouG3YKSgaGjmuWlfg,3969424015,2022-03-08T23:24:39.186199,,0x7f268357a8c2552623316e2562d90e642bb538e5,1,ETH,0.9
finiliar,Finiliar,https://opensea.io/collection/finiliar,193056174,finiliar #1153,"[finiliar](https://finiliar.com) are living NFTs that use oracles to respond to fluctuations in the value of cryptocurrencies. They become happy and buoyant when the currency they are linked to does well, and sad or even sick when it performs poorly.",2022-01-06T22:32:39.965685,https://opensea.io/assets/ethereum/0x5a0121a0a21232ec0d024dab9017314509026480/1153,https://lh3.googleusercontent.com/vj_B41x1acDDTcHytlvJvVRuJ6gznwYZVDAbFVHjy82v_s8QwscUukio_1hKiIzM2n0XhZHg1nAJuqJJxRhZR9rjJf0BgrR8le2jtw,3969359952,2022-03-08T23:21:09.422419,,0x7f268357a8c2552623316e2562d90e642bb538e5,1,ETH,0.44
finiliar,Finiliar,https://opensea.io/collection/finiliar,193056103,finiliar #1145,"[finiliar](https://finiliar.com) are living NFTs that use oracles to respond to fluctuations in the value of cryptocurrencies. They become happy and buoyant when the currency they are linked to does well, and sad or even sick when it performs poorly.",2022-01-06T22:32:39.965685,https://opensea.io/assets/ethereum/0x5a0121a0a21232ec0d024dab9017314509026480/1145,https://lh3.googleusercontent.com/kFm-CvSZoGc84rgjcu_Oqf-Hyq7EovPkZd05iY9moZGac6MKWX0lZiuzNYyu5tEbQASQqdjFRaWdXygaz-YGbtJ80ckvjwYYV6XIcPI,3969073443,2022-03-08T23:06:34.787708,,0x7f268357a8c2552623316e2562d90e642bb538e5,1,ETH,0.28
finiliar,Finiliar,https://opensea.io/collection/finiliar,193056193,finiliar #1134,"[finiliar](https://finiliar.com) are living NFTs that use oracles to respond to fluctuations in the value of cryptocurrencies. They become happy and buoyant when the currency they are linked to does well, and sad or even sick when it performs poorly.",2022-01-06T22:32:39.965685,https://opensea.io/assets/ethereum/0x5a0121a0a21232ec0d024dab9017314509026480/1134,https://lh3.googleusercontent.com/a5XFEOVNRdS7x0H_Poa7jjUp3qI3j_Lb0iUUhDqyggHp1q3ZaIcyrbS4yevt-LLD_JUbKcjghj2em5apsGovVVq0MTFctkjs43Js,3969064791,2022-03-08T23:06:05.470387,,0x7f268357a8c2552623316e2562d90e642bb538e5,1,ETH,0.32
finiliar,Finiliar,https://opensea.io/collection/finiliar,193056188,finiliar #1154,"[finiliar](https://finiliar.com) are living NFTs that use oracles to respond to fluctuations in the value of cryptocurrencies. They become happy and buoyant when the currency they are linked to does well, and sad or even sick when it performs poorly.",2022-01-06T22:32:39.965685,https://opensea.io/assets/ethereum/0x5a0121a0a21232ec0d024dab9017314509026480/1154,https://lh3.googleusercontent.com/iCN-Ir7JYO9z8Fg6Wh3e-5Uz5eHbmOE2HOhwt8WxELQYvWKVeu-tHPyzXLo_fFF6MennH7cr7PC9wCY7H3U1YnF2VXjyANF-vZgvvA,3968469709,2022-03-08T22:31:34.359396,,0x7f268357a8c2552623316e2562d90e642bb538e5,1,ETH,0.369
finiliar,Finiliar,https://opensea.io/collection/finiliar,193056203,finiliar #1156,"[finiliar](https://finiliar.com) are living NFTs that use oracles to respond to fluctuations in the value of cryptocurrencies. They become happy and buoyant when the currency they are linked to does well, and sad or even sick when it performs poorly.",2022-01-06T22:32:39.965685,https://opensea.io/assets/ethereum/0x5a0121a0a21232ec0d024dab9017314509026480/1156,https://lh3.googleusercontent.com/82Hhcu1eHVwceli1Sam9N6ZJ-HD_1DlHidrllcC8IGqXYystvx_PBW2CsQbrgXoI7Gwc7RkEIVFwSlIuyl8eY24npHG7Sgz6KFyB,3968435973,2022-03-08T22:29:24.451003,,0x7f268357a8c2552623316e2562d90e642bb538e5,1,ETH,0.25
finiliar,Finiliar,https://opensea.io/collection/finiliar,193056084,finiliar #1143,"[finiliar](https://finiliar.com) are living NFTs that use oracles to respond to fluctuations in the value of cryptocurrencies. They become happy and buoyant when the currency they are linked to does well, and sad or even sick when it performs poorly.",2022-01-06T22:32:39.965685,https://opensea.io/assets/ethereum/0x5a0121a0a21232ec0d024dab9017314509026480/1143,https://lh3.googleusercontent.com/NkzdOlu8F_8cVCVBZ7FrTv4qQ5wE-mkVcCK7G4mCGbcT0utkV70w5CErJRihfHfyfDiNlzxpMcvoDhT-c0xx7iAP3jlkl8uoCiLz1Q,3968381345,2022-03-08T22:26:10.037070,,0x7f268357a8c2552623316e2562d90e642bb538e5,1,ETH,0.22
finiliar,Finiliar,https://opensea.io/collection/finiliar,193047901,finiliar #804,"[finiliar](https://finiliar.com) are living NFTs that use oracles to respond to fluctuations in the value of cryptocurrencies. They become happy and buoyant when the currency they are linked to does well, and sad or even sick when it performs poorly.",2022-01-06T22:32:39.965685,https://opensea.io/assets/ethereum/0x5a0121a0a21232ec0d024dab9017314509026480/804,https://lh3.googleusercontent.com/4DQ2Y9TU2zNtkMu7Oa_gg_V8MAUwIbsd0jM121TdtLsfJztr5RIeTCMdrrmGofGPhGXtLzW6ayioRhwAVYWiBt2luQN1SFDIjHDpLg,3968341354,2022-03-08T22:23:39.156473,,0x7f268357a8c2552623316e2562d90e642bb538e5,1,ETH,0.24
finiliar,Finiliar,https://opensea.io/collection/finiliar,193046101,finiliar #662,"[finiliar](https://finiliar.com) are living NFTs that use oracles to respond to fluctuations in the value of cryptocurrencies. They become happy and buoyant when the currency they are linked to does well, and sad or even sick when it performs poorly.",2022-01-06T22:32:39.965685,https://opensea.io/assets/ethereum/0x5a0121a0a21232ec0d024dab9017314509026480/662,https://lh3.googleusercontent.com/4uReihvM1Vk-w7HvhWFF2lu_UOwxXm3OMvbLzw-UT_OJeRCxOETVi1rAya0oPPp2YQxOiptGWwHWBWuVZFr-_BH8upEQfnf4L_rImhA,3968168747,2022-03-08T22:13:34.986086,,0x7f268357a8c2552623316e2562d90e642bb538e5,1,ETH,0.24
finiliar,Finiliar,https://opensea.io/collection/finiliar,193048810,finiliar #873,"[finiliar](https://finiliar.com) are living NFTs that use oracles to respond to fluctuations in the value of cryptocurrencies. They become happy and buoyant when the currency they are linked to does well, and sad or even sick when it performs poorly.",2022-01-06T22:32:39.965685,https://opensea.io/assets/ethereum/0x5a0121a0a21232ec0d024dab9017314509026480/873,https://lh3.googleusercontent.com/avtvFVvSmUdcAi6ez4dN8iorUOp4D97wK9hLy5G2mQ8GBhDz_tOo2MEkpROlblvcjPZAimnDew4XX9JzydjLxt-i6Qthg3dTHpiN2Q,3967948651,2022-03-08T22:01:04.695882,,0x7f268357a8c2552623316e2562d90e642bb538e5,1,ETH,0.27
finiliar,Finiliar,https://opensea.io/collection/finiliar,193056080,finiliar #1123,"[finiliar](https://finiliar.com) are living NFTs that use oracles to respond to fluctuations in the value of cryptocurrencies. They become happy and buoyant when the currency they are linked to does well, and sad or even sick when it performs poorly.",2022-01-06T22:32:39.965685,https://opensea.io/assets/ethereum/0x5a0121a0a21232ec0d024dab9017314509026480/1123,https://lh3.googleusercontent.com/LEj3ysmu-62UdweDtJB2kI5vSdSU1-Q5fkRwqpR5mxI01-D99KYTxFAtY0EgH38tE14SZ9bRzdrRDacd253rF9C-GJkRfFuvRWIi,3967753381,2022-03-08T21:50:40.993513,,0x7f268357a8c2552623316e2562d90e642bb538e5,1,ETH,0.26
finiliar,Finiliar,https://opensea.io/collection/finiliar,193048598,finiliar #859,"[finiliar](https://finiliar.com) are living NFTs that use oracles to respond to fluctuations in the value of cryptocurrencies. They become happy and buoyant when the currency they are linked to does well, and sad or even sick when it performs poorly.",2022-01-06T22:32:39.965685,https://opensea.io/assets/ethereum/0x5a0121a0a21232ec0d024dab9017314509026480/859,https://lh3.googleusercontent.com/wWQoqS_CPSAwGGFjFXbyvUpDoNcYTXq-gilpK_lzXoegkH419yIBP4_hkLi5oTAdop4B-66Eoxys357U-WF8NnKyuc-4iFR2BbhuvqY,3967693252,2022-03-08T21:47:44.281346,,0x7f268357a8c2552623316e2562d90e642bb538e5,1,ETH,1.69
finiliar,Finiliar,https://opensea.io/collection/finiliar,193048120,finiliar #847,"[finiliar](https://finiliar.com) are living NFTs that use oracles to respond to fluctuations in the value of cryptocurrencies. They become happy and buoyant when the currency they are linked to does well, and sad or even sick when it performs poorly.",2022-01-06T22:32:39.965685,https://opensea.io/assets/ethereum/0x5a0121a0a21232ec0d024dab9017314509026480/847,https://lh3.googleusercontent.com/PcORTiJ85NSBIIEI_1FglFEKWe743AskfDFlMRpYOPl41Z5ndNiHlOiOfWpyzD1gF2qmaQCvgLqIQDB4_d2hDhDVh4qeZ_4SXMHADA,3879182563,2022-03-05T14:41:17.618875,,0x7f268357a8c2552623316e2562d90e642bb538e5,1,ETH,0.25
